campaign_name,campaign_normalized
Men ComfortMax Launch,Men ComfortMax Launch
Men  ComfortMax  Launch,Men ComfortMax Launch
Men_ComfortMax_Launch,Men ComfortMax Launch
Men Comfortmax Launch,Men ComfortMax Launch
MEN COMFORTMAX LAUNCH,Men ComfortMax Launch
Men Comfortmax Lunch,Men ComfortMax Launch
men co fortmax launch,Men ComfortMax Launch
Men ComfortMax Lunch,Men ComfortMax Launch
men comfortmax launch,Men ComfortMax Launch
Men Comfortmax Lau ch,Men ComfortMax Launch
Men Comfort-ax Launch,Men ComfortMax Launch
Men ComfortMax L unch,Men ComfortMax Launch
Mn ComfortMax Launch,Men ComfortMax Launch
Men Comf-rtMax Launch,Men ComfortMax Launch
Men  Comf rtMax  Launch,Men ComfortMax Launch
MEN COMF RTMAX LAUNCH,Men ComfortMax Launch
Men ComfortMax_Launch,Men ComfortMax Launch
Men Comfo tmax Launch,Men ComfortMax Launch
Men_Com-ortMax_Launch,Men ComfortMax Launch
Men  Co fortMax  Launch,Men ComfortMax Launch
Men  CofortMax  Launch,Men ComfortMax Launch
men comfor-max launch,Men ComfortMax Launch
Men ComforMax Launch,Men ComfortMax Launch
Men ComfortMax Lau-ch,Men ComfortMax Launch
en_ComfortMax_Launch,Men ComfortMax Launch
men comfotmax launch,Men ComfortMax Launch
MenComfortmax Launch,Men ComfortMax Launch
Men  C-mfortMax  Launch,Men ComfortMax Launch
MEN COMFORTMAX  AUNCH,Men ComfortMax Launch
MEN COMFORTMA LAUNCH,Men ComfortMax Launch
en comfortmax launch,Men ComfortMax Launch
Men Comfortma- Launch,Men ComfortMax Launch
Men_Co fortMax_Launch,Men ComfortMax Launch
Men_Comf-rtMax_Launch,Men ComfortMax Launch
Men-Comfortmax Launch,Men ComfortMax Launch
Men Comfo tMax Launch,Men ComfortMax Launch
men omfortmax launch,Men ComfortMax Launch
Men  ComfortMa-  Launch,Men ComfortMax Launch
Men  C mfortMax  Launch,Men ComfortMax Launch
WOMEN Seamless Everyday,Women Seamless Everyday
Women Seamless Everyday,Women Seamless Everyday
WOMEN  Seamless  Everyday,Women Seamless Everyday
WOMEN_Seamless_Everyday,Women Seamless Everyday
women seamless everyday,Women Seamless Everyday
WOMEN SEAMLESS EVERYDAY,Women Seamless Everyday
WOMEN SEAMLESS EVE YDAY,Women Seamless Everyday
WOME SEAMLESS EVERYDAY,Women Seamless Everyday
WOMEN_Seamless_Ever-day,Women Seamless Everyday
women seam-ess everyday,Women Seamless Everyday
WOMEN Seamless E eryday,Women Seamless Everyday
WOMEN SEAM ESS EVERYDAY,Women Seamless Everyday
women seamless everday,Women Seamless Everyday
women s amless everyday,Women Seamless Everyday
WOMEN Semless Everyday,Women Seamless Everyday
WOMEN SEAMLESS EV RYDAY,Women Seamless Everyday
WomenSeamless Everyday,Women Seamless Everyday
women seamless-everyday,Women Seamless Everyday
WOMEN Seamless Eeryday,Women Seamless Everyday
WOMEN  -eamless  Everyday,Women Seamless Everyday
women seamess everyday,Women Seamless Everyday
Women Seamless Eve yday,Women Seamless Everyday
WOMEN  Seamless- Everyday,Women Seamless Everyday
Women Semless Everyday,Women Seamless Everyday
WMEN Seamless Everyday,Women Seamless Everyday
WOMEN Seamless Everydy,Women Seamless Everyday
WOMENSeamless Everyday,Women Seamless Everyday
WOMEN  Seamles   Everyday,Women Seamless Everyday
Women Se mless Everyday,Women Seamless Everyday
women seaml-ss everyday,Women Seamless Everyday
wo-en seamless everyday,Women Seamless Everyday
WOMEN eamless Everyday,Women Seamless Everyday
WOMEN  Seamless  Eve yday,Women Seamless Everyday
MEN | ATHLEISURE COOLING,Women Cotton Classics
Men | Athleisure Cooling,Women Cotton Classics
Men_|_Athleisure_Cooling,Women Cotton Classics
men | athleisure cooling,Women Cotton Classics
Men  |  Athleisure  Cooling,Women Cotton Classics
Men-Athleisure Cooling,Women Cotton Classics
m n | athleisure cooling,Women Cotton Classics
Men_|_Athleiure_Cooling,Men Signature Soft
Men | Ath eisure Cooling,Men Premium Modal
Men | Athleisur- Cooling,Women Cotton Classics
Men-thleisure Cooling,Men Premium Modal
Men |Athleisure Cooling,Women Cotton Classics
Men   Athleisure Cooling,Women Cotton Classics
Men  |  Athleisure  Coling,Men Signature Soft
Men_|_Atleisure_Cooling,Women Cotton Classics
mn | athleisure cooling,Women Cotton Classics
MEN | ATHLEISURECOOLING,Women Cotton Classics
Men-Athleisure Cooli-g,Men Signature Soft
Men  |  Athleisure Cooling,Women Cotton Classics
Me- | Athleisure Cooling,Women Cotton Classics
Men | thleisure Cooling,Men Premium Modal
Men  |  Athleisure  Co ling,Men Signature Soft
Men | Athleis re Cooling,Women Cotton Classics
Men  |  Athlei ure  Cooling,Men Bold Colors Drop
men | athlisure cooling,Women Cotton Classics
MEN| ATHLEISURE COOLING,Women Cotton Classics
Men | Athlei ure Cooling,Men Bold Colors Drop
Men | Athlei-ure Cooling,Men Bold Colors Drop
Men -|  Athleisure  Cooling,Women Cotton Classics
women Summer Invi-ible,Women Seamless Everyday
women  Summer  -nvisible,Women Seamless Everyday
women summer invisible,Women Seamless Everyday
WOMEN SUMMER INVISIBLE,Women Seamless Everyday
women Summer Invisible,Women Seamless Everyday
women_Summer_Invisible,Women Seamless Everyday
women  -ummer  Invisible,Women Fit Lift
women  Summer  Invisible,Women Seamless Everyday
 omen Summer Invisible,Women Seamless Everyday
Women Summer Invisible,Women Seamless Everyday
Women Sum er Invisible,Women Seamless Everyday
women Summer Invisi-le,Women Seamless Everyday
women  Summ r  Invisible,Women Studio Sports
women s-mmer invisible,Women Seamless Everyday
women Summer Invisble,Women Seamless Everyday
omen Summer Invisible,Women Seamless Everyday
WOMEN SUMMER INVSIBLE,Women Seamless Everyday
women Summ-r Invisible,Women Studio Sports
women Su mer Invisible,Women Studio Sports
women summer in isible,Women Fit Lift
women Summer In-isible,Women Fit Lift
women  Summer  Invisib e,Women Seamless Everyday
women  Summer  Invi ible,Women Seamless Everyday
-omen summer invisible,Women Seamless Everyday
women Summer In isible,Women Fit Lift
WOMEN SUMMER INVISIBE,Women Seamless Everyday
Women Summer In-isible,Women Fit Lift
women_Summer_Inisible,Women Fit Lift
wome  Summer Invisible,Women Seamless Everyday
women summe- invisible,Women Seamless Everyday
women_Summe _Invisible,Women Seamless Everyday
women_Summer_Invisi-le,Women Seamless Everyday
womn  Summer  Invisible,Women Seamless Everyday
Women Summer Invisi-le,Women Seamless Everyday
Women Summ-r Invisible,Women Studio Sports
women Summer Inv-sible,Women Seamless Everyday
women Summer  nvisible,Women Seamless Everyday
woen  Summer  Invisible,Women Seamless Everyday
wom-n_Summer_Invisible,Women Seamless Everyday
women su-mer invisible,Women Studio Sports
WOMEN SUMMER I VISIBLE,Women Studio Sports
W men Summer Invisible,Men Signature Soft
woen Summer Invisible,Women Seamless Everyday
MEN_Signature_Soft,Men Signature Soft
MEN Signature Soft,Men Signature Soft
men signature soft,Men Signature Soft
MEN Signatu e Soft,Men Signature Soft
MEN  Signature  Soft,Men Signature Soft
MEN SIGNATURE SOFT,Men Signature Soft
MEN Signatre Soft,Men Signature Soft
Men Signature Soft,Men Signature Soft
men signa ure soft,Men Signature Soft
MEN_Si nature_Soft,Men Signature Soft
MEN Sign-ture Soft,Men Signature Soft
MEN Signature-Soft,Men Signature Soft
MEN SIGNATURE SOT,Men Signature Soft
MEN_Signatu e_Soft,Men Signature Soft
MEN Signature  oft,Men Signature Soft
MEN Signature Sft,Men Signature Soft
-EN Signature Soft,Men Signature Soft
MEN Si nature Soft,Men Signature Soft
MEN_ ignature_Soft,Men Signature Soft
Men Sig-ature Soft,Men Signature Soft
MEN Signatue Soft,Men Signature Soft
men s gnature soft,Men Signature Soft
Men Sigature Soft,Men Signature Soft
MEN SIGNATUR  SOFT,Men Signature Soft
MEN Signature Sot,Men Signature Soft
MEN Signa-ure Soft,Men Signature Soft
men sig ature soft,Men Signature Soft
Men Signture Soft,Men Signature Soft
ME  Signature Soft,Men Signature Soft
MEN  Signture  Soft,Men Signature Soft
MEN SIGATURE SOFT,Men Signature Soft
MEN_Signa ure_Soft,Men Signature Soft
MEN_Signature_S ft,Men Signature Soft
MEN SIGNATURE S-FT,Men Signature Soft
MEN  Si-nature  Soft,Men Signature Soft
MEN Sigature Soft,Men Signature Soft
MEN -ignature Soft,Men Signature Soft
MEN Sinature Soft,Men Signature Soft
MEN-SIGNATURE SOFT,Men Signature Soft
Women Fit & Lift,Women Fit Lift
Women_Fit_&_Lift,Women Fit Lift
Women  Fit  &  Lift,Women Fit Lift
WOMEN FIT & LIFT,Women Fit Lift
women fit & ift,Women Fit Lift
women fit & lift,Women Fit Lift
WOMEN FIT & -IFT,Women Fit Lift
WOM N FIT & LIFT,Women Fit Lift
Women Fit and Lift,Women Fit Lift
W-men Fit & Lift,Women Fit Lift
Wom n Fit & Lift,Women Fit Lift
Wom-n Fit & Lift,Women Fit Lift
wo en fit & lift,Women Fit Lift
Women  Fit     Lift,Women Fit Lift
Woen Fit and Lift,Women Fit Lift
w men fit & lift,Women Fit Lift
Women -it & Lift,Women Fit Lift
Women  Fit  &  Lft,Women Fit Lift
Wo-en Fit & Lift,Women Fit Lift
WOMEN FIT  LIFT,Women Fit Lift
Wom n  Fit  &  Lift,Women Fit Lift
Women  it & Lift,Women Fit Lift
Wome  Fit & Lift,Women Fit Lift
Wo en  Fit  &  Lift,Women Fit Lift
Women Fit& Lift,Women Fit Lift
Women  -it  &  Lift,Women Fit Lift
W men Fit & Lift,Women Fit Lift
WOEN FIT & LIFT,Women Fit Lift
Women Fit  Lift,Women Fit Lift
W MEN FIT & LIFT,Women Fit Lift
Women it & Lift,Women Fit Lift
Wmen_Fit_&_Lift,Women Fit Lift
Women F t & Lift,Women Fit Lift
Wome  Fit and Lift,Women Fit Lift
Wo en Fit & Lift,Women Fit Lift
Women Fi  & Lift,Women Fit Lift
Women_-it_&_Lift,Women Fit Lift
WOMEN-FIT & LIFT,Women Fit Lift
women fit-& lift,Women Fit Lift
Women Fit & ift,Women Fit Lift
women fit & li t,Women Fit Lift
Men  Bold  Colors  Drop,Men Bold Colors Drop
MEN BOLD COLORS DROP,Men Bold Colors Drop
Men Bold Colors Drop,Men Bold Colors Drop
men bold colors drop,Men Bold Colors Drop
me bold colors drop,Men Bold Colors Drop
Men_Bold_Colors_Drop,Men Bold Colors Drop
men bo-d colors drop,Men Bold Colors Drop
Men Bold Col-rs Drop,Men Bold Colors Drop
MEN BOL COLORS DROP,Men Bold Colors Drop
Men   old  Colors  Drop,Men Bold Colors Drop
Men Bold Colo-s Drop,Men Bold Colors Drop
Men Bold Colors  rop,Men Bold Colors Drop
men bld colors drop,Men Bold Colors Drop
Men Bold Colors-Drop,Men Bold Colors Drop
MEN BOLD  OLORS DROP,Men Bold Colors Drop
Men-Bold Colors Drop,Men Bold Colors Drop
men bold clors drop,Men Bold Colors Drop
Men Bold Colo s Drop,Men Bold Colors Drop
M-n Bold Colors Drop,Men Bold Colors Drop
MEN B LD COLORS DROP,Men Bold Colors Drop
Me-_Bold_Colors_Drop,Men Bold Colors Drop
Men Bold Color- Drop,Men Bold Colors Drop
Men_Bold_Co ors_Drop,Men Bold Colors Drop
Men  Bold  Coors  Drop,Men Bold Colors Drop
Men Bold Colors Dr p,Men Bold Colors Drop
Men B ld Colors Drop,Men Bold Colors Drop
Men B-ld Colors Drop,Men Bold Colors Drop
Men Bold C-lors Drop,Men Bold Colors Drop
Men Bold -olors Drop,Men Bold Colors Drop
MEN BLD COLORS DROP,Men Bold Colors Drop
Men  old  Colors  Drop,Men Bold Colors Drop
Men Bol Colors Drop,Men Bold Colors Drop
Men BoldColors Drop,Men Bold Colors Drop
Men -old Colors Drop,Men Bold Colors Drop
MEN BOLD COL RS DROP,Men Bold Colors Drop
WOMEN Cotton Classics,Women Cotton Classics
Women Cotton Classics,Women Cotton Classics
WOMEN  Cotton  Classics,Women Cotton Classics
WMEN Cotton Classics,Women Cotton Classics
women cotton classics,Women Cotton Classics
WOMEN_Cotton_Classics,Women Cotton Classics
WOMEN COTTON CLASSICS,Women Cotton Classics
Women Co-ton Classics,Women Cotton Classics
WOMN_Cotton_Classics,Women Cotton Classics
women c-tton classics,Women Cotton Classics
WOMEN COTTON LASSICS,Women Cotton Classics
WOMEN COTTON CLASSIS,Women Cotton Classics
w men cotton classics,Women Cotton Classics
WOMN Cotton Classics,Women Cotton Classics
w-men cotton classics,Women Cotton Classics
WOMEN_Cot-on_Classics,Women Cotton Classics
Wom-n Cotton Classics,Women Cotton Classics
WOMEN Cot-on Classics,Women Cotton Classics
WOMEN C tton Classics,Women Cotton Classics
women cotton clasics,Women Cotton Classics
WOMEN Coton Classics,Women Cotton Classics
WOMEN otton Classics,Women Cotton Classics
WOMEN Cotton Classis,Women Cotton Classics
Women Cotton lassics,Women Cotton Classics
WOMEN_Cotton_Clas ics,Women Cotton Classics
WOMEN  Cotton  Cl-ssics,Women Cotton Classics
Women Cottn Classics,Women Cotton Classics
 OMEN  Cotton  Classics,Women Cotton Classics
WOEN  Cotton  Classics,Women Cotton Classics
WOMEN  Cotton  Cla-sics,Women Cotton Classics
WOMEN Cotton Cla-sics,Women Cotton Classics
women co ton classics,Women Cotton Classics
Women Cotton Clas ics,Women Cotton Classics
 OMEN COTTON CLASSICS,Women Cotton Classics
womn cotton classics,Women Cotton Classics
WOMEN_otton_Classics,Women Cotton Classics
W MEN Cotton Classics,Women Cotton Classics
WomenCotton Classics,Women Cotton Classics
WOMEN COTTON CLASS-CS,Women Cotton Classics
Women C-tton Classics,Women Cotton Classics
WOMEN  Cotto-  Classics,Women Cotton Classics
women cott n classics,Women Cotton Classics
WOMEN Ctton Classics,Women Cotton Classics
Women Cotton Classis,Women Cotton Classics
Men_Premium_Modal,Men Premium Modal
men premium modal,Men Premium Modal
Men Premium Modal,Men Premium Modal
Men  Premium  Modal,Men Premium Modal
MEN PREMIUM MODAL,Men Premium Modal
Men Pr-mium Modal,Men Premium Modal
Men- Premium  Modal,Men Premium Modal
 en Premium Modal,Men Premium Modal
Me   Premium  Modal,Men Premium Modal
Men Pre ium Modal,Men Premium Modal
Men-Premium Modal,Men Premium Modal
Men  remium  Modal,Men Premium Modal
Men Prem um Modal,Men Premium Modal
Me- Premium Modal,Men Premium Modal
MEN PREMIUM MOD-L,Men Premium Modal
Men remium Modal,Men Premium Modal
Me  Premium Modal,Men Premium Modal
Men Premium Mod-l,Men Premium Modal
MEN PREMIUM -ODAL,Men Premium Modal
Men Premiu- Modal,Men Premium Modal
Men Premium -odal,Men Premium Modal
MEN PREM-UM MODAL,Men Premium Modal
ME- PREMIUM MODAL,Men Premium Modal
Men  remium Modal,Men Premium Modal
Men Premium M-dal,Men Premium Modal
Men -remium Modal,Men Premium Modal
Women | Studio Sports,Women Studio Sports
Women-Studio Sports,Women Studio Sports
Women_|_Studio_Sports,Women Studio Sports
women | studio sports,Women Studio Sports
Wom n-Studio Sports,Women Studio Sports
women | studio sp-rts,Women Studio Sports
WOMEN | STUDIO SPORTS,Women Studio Sports
Women  |  Studio  Sports,Women Studio Sports
Women-Stud o Sports,Women Studio Sports
Women-Studio Spo-ts,Women Studio Sports
-omen_|_Studio_Sports,Women Studio Sports
women-| studio sports,Women Studio Sports
omen | Studio Sports,Women Studio Sports
Women | Studio  ports,Women Studio Sports
Women | Stu io Sports,Women Studio Sports
Women-Studio -ports,Women Studio Sports
Wmen | Studio Sports,Women Studio Sports
Women | Studio Spo-ts,Women Studio Sports
Women | Studi Sports,Women Studio Sports
Women_|_Studio_ ports,Women Studio Sports
Women | Studio Spors,Women Studio Sports
Wo-en  |  Studio  Sports,Women Studio Sports
Women  |  Studio Sports,Women Studio Sports
Women-Studio Spors,Women Studio Sports
W-men  |  Studio  Sports,Women Studio Sports
women | studio sprts,Women Studio Sports
-omen-Studio Sports,Women Studio Sports
Women-Studio S orts,Women Studio Sports
Women | tudio Sports,Women Studio Sports
WOMEN | SUDIO SPORTS,Women Studio Sports
Women | Studio Sp rts,Women Studio Sports
Women_|_Studio_Spo ts,Women Studio Sports
Women_|-Studio_Sports,Women Studio Sports
W men-Studio Sports,Women Studio Sports
Women | Stu-io Sports,Women Studio Sports
Women-Studio-Sports,Women Studio Sports
Women-Studio Spots,Women Studio Sports
women | studio spo ts,Women Studio Sports
