raw_name,normalized,close_matches
 OMEN  Cotton  Classics,omen  cotton  classics,omen  cotton  classics; women  cotton  classics; women  cotton  clssics; women  cotton  clasics; women  cotto  classics
 OMEN COTTON CLASSICS,omen cotton classics,omen cotton classics; women cotton classics; women cotton classics; women cotton classics; women cotton classics
 en Premium Modal,en premium modal,en premium modal; men premium modal; men premium modal; men premium modal; men premium  modal
 omen Summer Invisible,omen summer invisible,omen summer invisible; omen summer invisible; omen summer invisible; women summer invisible; women summer invisible
-EN Signature Soft,en signature soft,en signature soft; men signature soft; men signature soft; men signature soft; men signature soft
-omen summer invisible,omen summer invisible,omen summer invisible; omen summer invisible; omen summer invisible; women summer invisible; women summer invisible
-omen-Studio Sports,omenstudio sports,omenstudio sports; womenstudio sports; omenstudiosports; women studio sports; omen  studio sports
-omen_|_Studio_Sports,omenstudiosports,omenstudiosports; womenstudiosports; womenstudiosports; womenstudiosports; omenstudio sports
M-n Bold Colors Drop,mn bold colors drop,mn bold colors drop; men bold colors drop; men bold colors drop; men bold colors drop; menbold colors drop
ME  Signature Soft,me  signature soft,me  signature soft; men  signature  soft; men signature soft; men signature soft; men signature soft
ME- PREMIUM MODAL,me premium modal,me premium modal; me premium modal; men premium modal; men premium modal; men premium modal
MEN  Si-nature  Soft,men  sinature  soft,men  sinature  soft; men  signature  soft; men  signture  soft; men sinature soft; men signature soft
MEN  Signature  Soft,men  signature  soft,men  signature  soft; men  sinature  soft; men  signture  soft; men signature soft; men signature soft
MEN  Signture  Soft,men  signture  soft,men  signture  soft; men  signature  soft; men  sinature  soft; men signture soft; men signture soft
MEN -ignature Soft,men ignature soft,men ignature soft; men signature soft; men signature soft; men signature soft; men signature soft
MEN B LD COLORS DROP,men b ld colors drop,men b ld colors drop; men b ld colors drop; men bld colors drop; men bld colors drop; men bld colors drop
MEN BLD COLORS DROP,men bld colors drop,men bld colors drop; men bld colors drop; men bld colors drop; men bold colors drop; men bold colors drop
MEN BOL COLORS DROP,men bol colors drop,men bol colors drop; men bol colors drop; men bold colors drop; men bold colors drop; men bold colors drop
MEN BOLD  OLORS DROP,men bold  olors drop,men bold  olors drop; men bold olors drop; men bold colors drop; men bold colors drop; men bold colors drop
MEN BOLD COL RS DROP,men bold col rs drop,men bold col rs drop; men bold colrs drop; men bold colors drop; men bold colors drop; men bold colors drop
MEN BOLD COLORS DROP,men bold colors drop,men bold colors drop; men bold colors drop; men bold colors drop; mn bold colors drop; menbold colors drop
MEN COMF RTMAX LAUNCH,men comf rtmax launch,men comf rtmax launch; men comfrtmax launch; men  comf rtmax  launch; men comfortmax launch; men comfortmax launch
MEN COMFORTMA LAUNCH,men comfortma launch,men comfortma launch; men comfortma launch; men comfortmax launch; men comfortmax launch; men comfortmax launch
MEN COMFORTMAX  AUNCH,men comfortmax  aunch,men comfortmax  aunch; men  comfortmax  launch; men comfortmax launch; men comfortmax launch; men comfortmax launch
MEN COMFORTMAX LAUNCH,men comfortmax launch,men comfortmax launch; men comfortmax launch; men comfortmax launch; men comfortmax launch; mn comfortmax launch
MEN PREM-UM MODAL,men premum modal,men premum modal; men premium modal; men premium modal; men premium modal; men prem um modal
MEN PREMIUM -ODAL,men premium odal,men premium odal; men premium odal; men premium modal; men premium modal; men premium modal
MEN PREMIUM MOD-L,men premium modl,men premium modl; men premium modl; men premium modal; men premium modal; men premium modal
MEN PREMIUM MODAL,men premium modal,men premium modal; men premium modal; men premium modal; men premium  modal; menpremium modal
MEN SIGATURE SOFT,men sigature soft,men sigature soft; men sigature soft; men sigature soft; men sigature soft; men signature soft
MEN SIGNATUR  SOFT,men signatur  soft,men signatur  soft; men  signature  soft; men signature soft; men signature soft; men signature soft
MEN SIGNATURE S-FT,men signature sft,men signature sft; men signature sft; men signature soft; men signature soft; men signature soft
MEN SIGNATURE SOFT,men signature soft,men signature soft; men signature soft; men signature soft; men signature soft; mensignature soft
MEN SIGNATURE SOT,men signature sot,men signature sot; men signature sot; men signature soft; men signature soft; men signature soft
MEN Si nature Soft,men si nature soft,men si nature soft; men sinature soft; men signature soft; men signature soft; men signature soft
MEN Sigature Soft,men sigature soft,men sigature soft; men sigature soft; men sigature soft; men sigature soft; men signature soft
MEN Sign-ture Soft,men signture soft,men signture soft; men signture soft; men signature soft; men signature soft; men signature soft
MEN Signa-ure Soft,men signaure soft,men signaure soft; men signature soft; men signature soft; men signature soft; men signature soft
MEN Signatre Soft,men signatre soft,men signatre soft; men signature soft; men signature soft; men signature soft; men signature soft
MEN Signatu e Soft,men signatu e soft,men signatu e soft; men signatue soft; men signature soft; men signature soft; men signature soft
MEN Signatue Soft,men signatue soft,men signatue soft; men signature soft; men signature soft; men signature soft; men signature soft
MEN Signature  oft,men signature  oft,men signature  oft; men  signature  soft; men signature soft; men signature soft; men signature soft
MEN Signature Sft,men signature sft,men signature sft; men signature sft; men signature soft; men signature soft; men signature soft
MEN Signature Soft,men signature soft,men signature soft; men signature soft; men signature soft; men signature soft; mensignature soft
MEN Signature Sot,men signature sot,men signature sot; men signature sot; men signature soft; men signature soft; men signature soft
MEN Signature-Soft,men signaturesoft,men signaturesoft; men signature soft; men signature soft; men signature soft; men signature soft
MEN Sinature Soft,men sinature soft,men sinature soft; men signature soft; men signature soft; men signature soft; men signature soft
MEN | ATHLEISURE COOLING,men  athleisure cooling,men  athleisure cooling; men  athleisure cooling; men  athleisure cooling; men   athleisure cooling; mn  athleisure cooling
MEN | ATHLEISURECOOLING,men  athleisurecooling,men  athleisurecooling; men  athleisure cooling; men  athleisure cooling; men  athleisure cooling; men   athleisure cooling
MEN-SIGNATURE SOFT,mensignature soft,mensignature soft; men signature soft; men signature soft; men signature soft; men signature soft
MEN_ ignature_Soft,men ignaturesoft,men ignaturesoft; men signaturesoft; men ignature soft; men signature soft; men signature soft
MEN_Si nature_Soft,mensi naturesoft,mensi naturesoft; men si nature soft; mensignaturesoft; mensignature soft; men sinature soft
MEN_Signa ure_Soft,mensigna uresoft,mensigna uresoft; men signa ure soft; mensignaturesoft; mensignature soft; men signaure soft
MEN_Signatu e_Soft,mensignatu esoft,mensignatu esoft; men signatu e soft; mensignaturesoft; mensignature soft; men signaturesoft
MEN_Signature_S ft,mensignatures ft,mensignatures ft; mensignaturesoft; mensignature soft; men signaturesoft; men signature sft
MEN_Signature_Soft,mensignaturesoft,mensignaturesoft; mensignature soft; men signaturesoft; men signature soft; men signature soft
MEN| ATHLEISURE COOLING,men athleisure cooling,men athleisure cooling; men athleisure cooling; men  athleisure cooling; men  athleisure cooling; men  athleisure cooling
Me   Premium  Modal,me   premium  modal,me   premium  modal; men  premium  modal; me  premium modal; men premium  modal; men  remium  modal
Me  Premium Modal,me  premium modal,me  premium modal; me premium modal; me premium modal; men  premium  modal; me   premium  modal
Me- Premium Modal,me premium modal,me premium modal; me premium modal; men premium modal; men premium modal; men premium modal
Me- | Athleisure Cooling,me  athleisure cooling,me  athleisure cooling; men  athleisure cooling; men  athleisure cooling; men  athleisure cooling; men   athleisure cooling
Me-_Bold_Colors_Drop,meboldcolorsdrop,meboldcolorsdrop; menboldcolorsdrop; menbold colors drop; men boldcolors drop; men bold colorsdrop
Men   Athleisure Cooling,men   athleisure cooling,men   athleisure cooling; men   athleisure  cooling; men    athleisure cooling; men  athleisure cooling; men  athleisure cooling
Men   old  Colors  Drop,men   old  colors  drop,men   old  colors  drop; men  old  colors  drop; men  bold  colors  drop; men  bold  coors  drop; men old colors drop
Men  Bold  Colors  Drop,men  bold  colors  drop,men  bold  colors  drop; men  old  colors  drop; men  bold  coors  drop; men   old  colors  drop; men bold colors drop
Men  Bold  Coors  Drop,men  bold  coors  drop,men  bold  coors  drop; men  bold  colors  drop; men  old  colors  drop; men   old  colors  drop; men bold colors drop
Men  C mfortMax  Launch,men  c mfortmax  launch,men  c mfortmax  launch; men  cmfortmax  launch; men  comfortmax  launch; men  co fortmax  launch; men  comfortma  launch
Men  C-mfortMax  Launch,men  cmfortmax  launch,men  cmfortmax  launch; men  comfortmax  launch; men  c mfortmax  launch; men  comfortma  launch; men  cofortmax  launch
Men  Co fortMax  Launch,men  co fortmax  launch,men  co fortmax  launch; men  cofortmax  launch; men  comfortmax  launch; men  c mfortmax  launch; men co fortmax launch
Men  CofortMax  Launch,men  cofortmax  launch,men  cofortmax  launch; men  comfortmax  launch; men  co fortmax  launch; men  comfortma  launch; men  cmfortmax  launch
Men  Comf rtMax  Launch,men  comf rtmax  launch,men  comf rtmax  launch; men  comfortmax  launch; men comf rtmax launch; men  comfortma  launch; men  cofortmax  launch
Men  ComfortMa-  Launch,men  comfortma  launch,men  comfortma  launch; men  comfortmax  launch; men  cofortmax  launch; men  cmfortmax  launch; men comfortma launch
Men  ComfortMax  Launch,men  comfortmax  launch,men  comfortmax  launch; men  comfortma  launch; men  cofortmax  launch; men  cmfortmax  launch; men  comf rtmax  launch
Men  Premium  Modal,men  premium  modal,men  premium  modal; men premium  modal; men  remium  modal; me   premium  modal; men premium modal
Men  old  Colors  Drop,men  old  colors  drop,men  old  colors  drop; men  bold  colors  drop; men   old  colors  drop; men  bold  coors  drop; men old colors drop
Men  remium  Modal,men  remium  modal,men  remium  modal; men  premium  modal; men  remium modal; men premium  modal; men remium modal
Men  remium Modal,men  remium modal,men  remium modal; men  remium  modal; men remium modal; men remium modal; men  premium  modal
Men  |  Athlei ure  Cooling,men    athlei ure  cooling,men    athlei ure  cooling; men    athleisure  cooling; men   athleisure  cooling; men    athleisure cooling; men    athleisure  coling
Men  |  Athleisure  Co ling,men    athleisure  co ling,men    athleisure  co ling; men    athleisure  coling; men    athleisure  cooling; men   athleisure  cooling; men    athleisure cooling
Men  |  Athleisure  Coling,men    athleisure  coling,men    athleisure  coling; men    athleisure  cooling; men    athleisure  co ling; men   athleisure  cooling; men    athleisure cooling
Men  |  Athleisure  Cooling,men    athleisure  cooling,men    athleisure  cooling; men   athleisure  cooling; men    athleisure cooling; men    athleisure  coling; men    athleisure  co ling
Men  |  Athleisure Cooling,men    athleisure cooling,men    athleisure cooling; men    athleisure  cooling; men   athleisure cooling; men   athleisure  cooling; men    athleisure  coling
Men -old Colors Drop,men old colors drop,men old colors drop; men bold colors drop; men bold colors drop; men bold colors drop; mn bold colors drop
Men -remium Modal,men remium modal,men remium modal; men remium modal; men premium modal; men premium modal; men premium modal
Men -|  Athleisure  Cooling,men   athleisure  cooling,men   athleisure  cooling; men    athleisure  cooling; men   athleisure cooling; men    athleisure cooling; men    athleisure  coling
Men B ld Colors Drop,men b ld colors drop,men b ld colors drop; men b ld colors drop; men bld colors drop; men bld colors drop; men bld colors drop
Men B-ld Colors Drop,men bld colors drop,men bld colors drop; men bld colors drop; men bld colors drop; men bold colors drop; men bold colors drop
Men Bol Colors Drop,men bol colors drop,men bol colors drop; men bol colors drop; men bold colors drop; men bold colors drop; men bold colors drop
Men Bold -olors Drop,men bold olors drop,men bold olors drop; men bold colors drop; men bold colors drop; men bold colors drop; men bold  olors drop
Men Bold C-lors Drop,men bold clors drop,men bold clors drop; men bold clors drop; men bold colors drop; men bold colors drop; men bold colors drop
Men Bold Col-rs Drop,men bold colrs drop,men bold colrs drop; men bold colors drop; men bold colors drop; men bold colors drop; men bold col rs drop
Men Bold Colo s Drop,men bold colo s drop,men bold colo s drop; men bold colos drop; men bold colors drop; men bold colors drop; men bold colors drop
Men Bold Colo-s Drop,men bold colos drop,men bold colos drop; men bold colors drop; men bold colors drop; men bold colors drop; men bold colo s drop
Men Bold Color- Drop,men bold color drop,men bold color drop; men bold colors drop; men bold colors drop; men bold colors drop; mn bold colors drop
Men Bold Colors  rop,men bold colors  rop,men bold colors  rop; men bold colors drop; men bold colors drop; men bold colors drop; men  bold  colors  drop
Men Bold Colors Dr p,men bold colors dr p,men bold colors dr p; men bold colors drop; men bold colors drop; men bold colors drop; mn bold colors drop
Men Bold Colors Drop,men bold colors drop,men bold colors drop; men bold colors drop; men bold colors drop; mn bold colors drop; menbold colors drop
Men Bold Colors-Drop,men bold colorsdrop,men bold colorsdrop; men bold colors drop; men bold colors drop; men bold colors drop; mn bold colors drop
Men BoldColors Drop,men boldcolors drop,men boldcolors drop; men bold colors drop; men bold colors drop; men bold colors drop; mn bold colors drop
Men Comf-rtMax Launch,men comfrtmax launch,men comfrtmax launch; men comfortmax launch; men comfortmax launch; men comfortmax launch; men comfortmax launch
Men Comfo tMax Launch,men comfo tmax launch,men comfo tmax launch; men comfo tmax launch; men comfotmax launch; men comfortmax launch; men comfortmax launch
Men Comfo tmax Launch,men comfo tmax launch,men comfo tmax launch; men comfo tmax launch; men comfotmax launch; men comfortmax launch; men comfortmax launch
Men ComforMax Launch,men comformax launch,men comformax launch; men comformax launch; men comfortmax launch; men comfortmax launch; men comfortmax launch
Men Comfort-ax Launch,men comfortax launch,men comfortax launch; men comfortmax launch; men comfortmax launch; men comfortmax launch; men comfortmax launch
Men ComfortMax L unch,men comfortmax l unch,men comfortmax l unch; men comfortmax lunch; men comfortmax lunch; men comfortmax launch; men comfortmax launch
Men ComfortMax Lau-ch,men comfortmax lauch,men comfortmax lauch; men comfortmax launch; men comfortmax launch; men comfortmax launch; men comfortmax launch
Men ComfortMax Launch,men comfortmax launch,men comfortmax launch; men comfortmax launch; men comfortmax launch; men comfortmax launch; mn comfortmax launch
Men ComfortMax Lunch,men comfortmax lunch,men comfortmax lunch; men comfortmax lunch; men comfortmax launch; men comfortmax launch; men comfortmax launch
Men ComfortMax_Launch,men comfortmaxlaunch,men comfortmaxlaunch; men comfortmax launch; men comfortmax launch; men comfortmax launch; men comfortmax launch
Men Comfortma- Launch,men comfortma launch,men comfortma launch; men comfortma launch; men comfortmax launch; men comfortmax launch; men comfortmax launch
Men Comfortmax Lau ch,men comfortmax lau ch,men comfortmax lau ch; men comfortmax lauch; men comfortmax launch; men comfortmax launch; men comfortmax launch
Men Comfortmax Launch,men comfortmax launch,men comfortmax launch; men comfortmax launch; men comfortmax launch; men comfortmax launch; mn comfortmax launch
Men Comfortmax Lunch,men comfortmax lunch,men comfortmax lunch; men comfortmax lunch; men comfortmax launch; men comfortmax launch; men comfortmax launch
Men Pr-mium Modal,men prmium modal,men prmium modal; men premium modal; men premium modal; men premium modal; men premium  modal
Men Pre ium Modal,men pre ium modal,men pre ium modal; men premium modal; men premium modal; men premium modal; men prem um modal
Men Prem um Modal,men prem um modal,men prem um modal; men premum modal; men premium modal; men premium modal; men premium modal
Men Premiu- Modal,men premiu modal,men premiu modal; men premium modal; men premium modal; men premium modal; men premium  modal
Men Premium -odal,men premium odal,men premium odal; men premium odal; men premium modal; men premium modal; men premium modal
Men Premium M-dal,men premium mdal,men premium mdal; men premium modal; men premium modal; men premium modal; men premium  modal
Men Premium Mod-l,men premium modl,men premium modl; men premium modl; men premium modal; men premium modal; men premium modal
Men Premium Modal,men premium modal,men premium modal; men premium modal; men premium modal; men premium  modal; menpremium modal
Men Sig-ature Soft,men sigature soft,men sigature soft; men sigature soft; men sigature soft; men sigature soft; men signature soft
Men Sigature Soft,men sigature soft,men sigature soft; men sigature soft; men sigature soft; men sigature soft; men signature soft
Men Signature Soft,men signature soft,men signature soft; men signature soft; men signature soft; men signature soft; mensignature soft
Men Signture Soft,men signture soft,men signture soft; men signture soft; men signature soft; men signature soft; men signature soft
Men remium Modal,men remium modal,men remium modal; men remium modal; men premium modal; men premium modal; men premium modal
Men | Ath eisure Cooling,men  ath eisure cooling,men  ath eisure cooling; men  athleisure cooling; men  athleisure cooling; men  athleisure cooling; men   athleisure cooling
Men | Athlei ure Cooling,men  athlei ure cooling,men  athlei ure cooling; men  athleiure cooling; men  athleisure cooling; men  athleisure cooling; men  athleisure cooling
Men | Athlei-ure Cooling,men  athleiure cooling,men  athleiure cooling; men  athleisure cooling; men  athleisure cooling; men  athleisure cooling; men  athlei ure cooling
Men | Athleis re Cooling,men  athleis re cooling,men  athleis re cooling; men  athleisure cooling; men  athleisure cooling; men  athleisure cooling; men  athlei ure cooling
Men | Athleisur- Cooling,men  athleisur cooling,men  athleisur cooling; men  athleisure cooling; men  athleisure cooling; men  athleisure cooling; men   athleisure cooling
Men | Athleisure Cooling,men  athleisure cooling,men  athleisure cooling; men  athleisure cooling; men  athleisure cooling; men   athleisure cooling; mn  athleisure cooling
Men | thleisure Cooling,men  thleisure cooling,men  thleisure cooling; men  athleisure cooling; men  athleisure cooling; men  athleisure cooling; men   athleisure cooling
Men |Athleisure Cooling,men athleisure cooling,men athleisure cooling; men athleisure cooling; men  athleisure cooling; men  athleisure cooling; men  athleisure cooling
Men- Premium  Modal,men premium  modal,men premium  modal; men  premium  modal; men premium modal; men premium modal; men premium modal
Men-Athleisure Cooli-g,menathleisure coolig,menathleisure coolig; menathleisure cooling; men athleisure cooling; men athleisure cooling; menthleisure cooling
Men-Athleisure Cooling,menathleisure cooling,menathleisure cooling; men athleisure cooling; men athleisure cooling; menthleisure cooling; menathleisurecooling
Men-Bold Colors Drop,menbold colors drop,menbold colors drop; men bold colors drop; men bold colors drop; men bold colors drop; mn bold colors drop
Men-Comfortmax Launch,mencomfortmax launch,mencomfortmax launch; mencomfortmax launch; men comfortmax launch; men comfortmax launch; men comfortmax launch
Men-Premium Modal,menpremium modal,menpremium modal; men premium modal; men premium modal; men premium modal; menpremiummodal
Men-thleisure Cooling,menthleisure cooling,menthleisure cooling; menathleisure cooling; men athleisure cooling; men athleisure cooling; men  thleisure cooling
MenComfortmax Launch,mencomfortmax launch,mencomfortmax launch; mencomfortmax launch; men comfortmax launch; men comfortmax launch; men comfortmax launch
Men_Bold_Co ors_Drop,menboldco orsdrop,menboldco orsdrop; menboldcolorsdrop; meboldcolorsdrop; menbold colors drop; men boldcolors drop
Men_Bold_Colors_Drop,menboldcolorsdrop,menboldcolorsdrop; meboldcolorsdrop; menbold colors drop; men boldcolors drop; men bold colorsdrop
Men_Co fortMax_Launch,menco fortmaxlaunch,menco fortmaxlaunch; men co fortmax launch; mencomfortmaxlaunch; mencomfortmax launch; mencomfortmax launch
Men_Com-ortMax_Launch,mencomortmaxlaunch,mencomortmaxlaunch; mencomfortmaxlaunch; mencomfortmax launch; mencomfortmax launch; men comfortmaxlaunch
Men_Comf-rtMax_Launch,mencomfrtmaxlaunch,mencomfrtmaxlaunch; mencomfortmaxlaunch; mencomfortmax launch; mencomfortmax launch; men comfrtmax launch
Men_ComfortMax_Launch,mencomfortmaxlaunch,mencomfortmaxlaunch; mencomfortmax launch; mencomfortmax launch; men comfortmaxlaunch; mencomortmaxlaunch
Men_Premium_Modal,menpremiummodal,menpremiummodal; menpremium modal; men premium modal; men premium modal; men premium modal
Men_|_Athleisure_Cooling,menathleisurecooling,menathleisurecooling; menathleisure cooling; menatleisurecooling; menathleiurecooling; men athleisure cooling
Men_|_Athleiure_Cooling,menathleiurecooling,menathleiurecooling; menathleisurecooling; menathleisure cooling; menatleisurecooling; men athleisure cooling
Men_|_Atleisure_Cooling,menatleisurecooling,menatleisurecooling; menathleisurecooling; menathleisure cooling; menathleiurecooling; men athleisure cooling
Mn ComfortMax Launch,mn comfortmax launch,mn comfortmax launch; men comfortmax launch; men comfortmax launch; men comfortmax launch; men comfortmax launch
W MEN Cotton Classics,w men cotton classics,w men cotton classics; w men cotton classics; wmen cotton classics; wmen cotton classics; women cotton classics
W MEN FIT & LIFT,w men fit  lift,w men fit  lift; w men fit  lift; w men fit  lift; wmen fit  lift; women fit  lift
W men Fit & Lift,w men fit  lift,w men fit  lift; w men fit  lift; w men fit  lift; wmen fit  lift; women fit  lift
W men Summer Invisible,w men summer invisible,w men summer invisible; women summer invisible; women summer invisible; women summer invisible; women summer invisible
W men-Studio Sports,w menstudio sports,w menstudio sports; womenstudio sports; women studio sports; wmen  studio sports; womenstudiosports
W-men  |  Studio  Sports,wmen    studio  sports,wmen    studio  sports; women    studio  sports; women    studio sports; woen    studio  sports; wmen  studio sports
W-men Fit & Lift,wmen fit  lift,wmen fit  lift; women fit  lift; women fit  lift; women fit  lift; women fit  lift
WMEN Cotton Classics,wmen cotton classics,wmen cotton classics; wmen cotton classics; women cotton classics; women cotton classics; women cotton classics
WMEN Seamless Everyday,wmen seamless everyday,wmen seamless everyday; women seamless everyday; women seamless everyday; women seamless everyday; women seamless everyday
WOEN  Cotton  Classics,woen  cotton  classics,woen  cotton  classics; women  cotton  classics; women  cotton  clssics; women  cotton  clasics; women  cotto  classics
WOEN FIT & LIFT,woen fit  lift,woen fit  lift; woen fit  lift; women fit  lift; women fit  lift; women fit  lift
WOM N FIT & LIFT,wom n fit  lift,wom n fit  lift; wom n fit  lift; womn fit  lift; women fit  lift; women fit  lift
WOME SEAMLESS EVERYDAY,wome seamless everyday,wome seamless everyday; women seamless everyday; women seamless everyday; women seamless everyday; women seamless everyday
WOMEN  -eamless  Everyday,women  eamless  everyday,women  eamless  everyday; women  seamless  everyday; women  seamless everyday; women eamless everyday; women  seamless  eve yday
WOMEN  Cotto-  Classics,women  cotto  classics,women  cotto  classics; women  cotton  classics; women  cotton  clssics; women  cotton  clasics; woen  cotton  classics
WOMEN  Cotton  Cl-ssics,women  cotton  clssics,women  cotton  clssics; women  cotton  classics; women  cotton  clasics; women  cotto  classics; woen  cotton  classics
WOMEN  Cotton  Cla-sics,women  cotton  clasics,women  cotton  clasics; women  cotton  classics; women  cotton  clssics; women  cotto  classics; woen  cotton  classics
WOMEN  Cotton  Classics,women  cotton  classics,women  cotton  classics; women  cotton  clssics; women  cotton  clasics; women  cotto  classics; woen  cotton  classics
WOMEN  Seamles   Everyday,women  seamles   everyday,women  seamles   everyday; women  seamless  everyday; women  seamless everyday; women  eamless  everyday; women  seamless  eve yday
WOMEN  Seamless  Eve yday,women  seamless  eve yday,women  seamless  eve yday; women  seamless  everyday; women seamless eve yday; women seamless eve yday; women  seamless everyday
WOMEN  Seamless  Everyday,women  seamless  everyday,women  seamless  everyday; women  seamless everyday; women  eamless  everyday; women  seamless  eve yday; women  seamles   everyday
WOMEN  Seamless- Everyday,women  seamless everyday,women  seamless everyday; women  seamless  everyday; women seamless everyday; women seamless everyday; women seamless everyday
WOMEN C tton Classics,women c tton classics,women c tton classics; women ctton classics; women ctton classics; women ctton classics; women cotton classics
WOMEN COTTON CLASS-CS,women cotton classcs,women cotton classcs; women cotton classics; women cotton classics; women cotton classics; women cotton classics
WOMEN COTTON CLASSICS,women cotton classics,women cotton classics; women cotton classics; women cotton classics; women cotton classics; womn cotton classics
WOMEN COTTON CLASSIS,women cotton classis,women cotton classis; women cotton classis; women cotton classis; women cotton classics; women cotton classics
WOMEN COTTON LASSICS,women cotton lassics,women cotton lassics; women cotton lassics; women cotton classics; women cotton classics; women cotton classics
WOMEN Cot-on Classics,women coton classics,women coton classics; women coton classics; women coton classics; women cotton classics; women cotton classics
WOMEN Coton Classics,women coton classics,women coton classics; women coton classics; women coton classics; women cotton classics; women cotton classics
WOMEN Cotton Cla-sics,women cotton clasics,women cotton clasics; women cotton clasics; women cotton classics; women cotton classics; women cotton classics
WOMEN Cotton Classics,women cotton classics,women cotton classics; women cotton classics; women cotton classics; women cotton classics; womn cotton classics
WOMEN Cotton Classis,women cotton classis,women cotton classis; women cotton classis; women cotton classis; women cotton classics; women cotton classics
WOMEN Ctton Classics,women ctton classics,women ctton classics; women ctton classics; women ctton classics; women cotton classics; women cotton classics
WOMEN FIT  LIFT,women fit  lift,women fit  lift; women fit  lift; women fit  lift; women fit  lift; women fit  lift
WOMEN FIT & -IFT,women fit  ift,women fit  ift; women fit  ift; women fit  ift; women fit  lift; women fit  lift
WOMEN FIT & LIFT,women fit  lift,women fit  lift; women fit  lift; women fit  lift; women fit  lift; women fit  lift
WOMEN SEAM ESS EVERYDAY,women seam ess everyday,women seam ess everyday; women seamess everyday; women seamess everyday; women seamless everyday; women seamless everyday
WOMEN SEAMLESS EV RYDAY,women seamless ev ryday,women seamless ev ryday; women seamless everyday; women seamless everyday; women seamless everyday; women seamless everyday
WOMEN SEAMLESS EVE YDAY,women seamless eve yday,women seamless eve yday; women seamless eve yday; women  seamless  eve yday; women seamless everyday; women seamless everyday
WOMEN SEAMLESS EVERYDAY,women seamless everyday,women seamless everyday; women seamless everyday; women seamless everyday; women seamless everyday; women  seamless everyday
WOMEN SUMMER I VISIBLE,women summer i visible,women summer i visible; women summer invisible; women summer invisible; women summer invisible; women summer invisible
WOMEN SUMMER INVISIBE,women summer invisibe,women summer invisibe; women summer invisible; women summer invisible; women summer invisible; women summer invisible
WOMEN SUMMER INVISIBLE,women summer invisible,women summer invisible; women summer invisible; women summer invisible; women summer invisible; women summr invisible
WOMEN SUMMER INVSIBLE,women summer invsible,women summer invsible; women summer invsible; women summer invisible; women summer invisible; women summer invisible
WOMEN Seamless E eryday,women seamless e eryday,women seamless e eryday; women seamless eeryday; women seamless everyday; women seamless everyday; women seamless everyday
WOMEN Seamless Eeryday,women seamless eeryday,women seamless eeryday; women seamless everyday; women seamless everyday; women seamless everyday; women seamless everyday
WOMEN Seamless Everyday,women seamless everyday,women seamless everyday; women seamless everyday; women seamless everyday; women seamless everyday; women  seamless everyday
WOMEN Seamless Everydy,women seamless everydy,women seamless everydy; women seamless everyday; women seamless everyday; women seamless everyday; women seamless everyday
WOMEN Semless Everyday,women semless everyday,women semless everyday; women semless everyday; women seamless everyday; women seamless everyday; women seamless everyday
WOMEN eamless Everyday,women eamless everyday,women eamless everyday; women seamless everyday; women seamless everyday; women seamless everyday; women seamless everyday
WOMEN otton Classics,women otton classics,women otton classics; women cotton classics; women cotton classics; women cotton classics; women cotton classics
WOMEN | STUDIO SPORTS,women  studio sports,women  studio sports; women  studio sports; women  studio sports; women studio sports; women  tudio sports
WOMEN | SUDIO SPORTS,women  sudio sports,women  sudio sports; women  studio sports; women  studio sports; women  studio sports; women studio sports
WOMEN-FIT & LIFT,womenfit  lift,womenfit  lift; women fit  lift; women fit  lift; women fit  lift; women fit  lift
WOMENSeamless Everyday,womenseamless everyday,womenseamless everyday; womenseamless everyday; women seamless everyday; women seamless everyday; women seamless everyday
WOMEN_Cot-on_Classics,womencotonclassics,womencotonclassics; womencottonclassics; womencotton classics; women coton classics; women coton classics
WOMEN_Cotton_Clas ics,womencottonclas ics,womencottonclas ics; women cotton clas ics; womencottonclassics; womencotton classics; women cotton clasics
WOMEN_Cotton_Classics,womencottonclassics,womencottonclassics; womencotton classics; womncottonclassics; womenottonclassics; womencotonclassics
WOMEN_Seamless_Ever-day,womenseamlesseverday,womenseamlesseverday; womenseamlesseveryday; womenseamless everyday; womenseamless everyday; women seamlesseveryday
WOMEN_Seamless_Everyday,womenseamlesseveryday,womenseamlesseveryday; womenseamless everyday; womenseamless everyday; women seamlesseveryday; womenseamlesseverday
WOMEN_otton_Classics,womenottonclassics,womenottonclassics; womencottonclassics; womencotton classics; women otton classics; womncottonclassics
WOMN Cotton Classics,womn cotton classics,womn cotton classics; womn cotton classics; womn cotton classics; women cotton classics; women cotton classics
WOMN_Cotton_Classics,womncottonclassics,womncottonclassics; womencottonclassics; womn cotton classics; womn cotton classics; womn cotton classics
Wmen | Studio Sports,wmen  studio sports,wmen  studio sports; women  studio sports; women  studio sports; women  studio sports; women studio sports
Wmen_Fit_&_Lift,wmenfitlift,wmenfitlift; womenfitlift; womenitlift; womenfit  lift; women fit lift
Wo en  Fit  &  Lift,wo en  fit    lift,wo en  fit    lift; women  fit    lift; wom n  fit    lift; women  fit     lift; women  it    lift
Wo en Fit & Lift,wo en fit  lift,wo en fit  lift; wo en fit  lift; woen fit  lift; woen fit  lift; women fit  lift
Wo-en  |  Studio  Sports,woen    studio  sports,woen    studio  sports; women    studio  sports; women    studio sports; wmen    studio  sports; women  studio sports
Wo-en Fit & Lift,woen fit  lift,woen fit  lift; woen fit  lift; women fit  lift; women fit  lift; women fit  lift
Woen Fit and Lift,woen fit and lift,woen fit and lift; women fit and lift; wome  fit and lift; woen fit  lift; woen fit  lift
Wom n  Fit  &  Lift,wom n  fit    lift,wom n  fit    lift; women  fit    lift; wo en  fit    lift; women  fit     lift; women  it    lift
Wom n Fit & Lift,wom n fit  lift,wom n fit  lift; wom n fit  lift; womn fit  lift; women fit  lift; women fit  lift
Wom n-Studio Sports,wom nstudio sports,wom nstudio sports; womenstudio sports; women studio sports; womenstudiosports; womenstudiosports
Wom-n Cotton Classics,womn cotton classics,womn cotton classics; womn cotton classics; womn cotton classics; women cotton classics; women cotton classics
Wom-n Fit & Lift,womn fit  lift,womn fit  lift; women fit  lift; women fit  lift; women fit  lift; women fit  lift
Wome  Fit & Lift,wome  fit  lift,wome  fit  lift; women fit  lift; women fit  lift; women fit  lift; women fit  lift
Wome  Fit and Lift,wome  fit and lift,wome  fit and lift; women fit and lift; woen fit and lift; wome  fit  lift; women fit  lift
Women  -it  &  Lift,women  it    lift,women  it    lift; women  fit    lift; women  fit     lift; women  fit    lft; women  it  lift
Women  Fit     Lift,women  fit     lift,women  fit     lift; women  fit    lift; women  it    lift; women  fit    lft; wom n  fit    lift
Women  Fit  &  Lft,women  fit    lft,women  fit    lft; women  fit    lift; women  fit     lift; women  it    lift; wom n  fit    lift
Women  Fit  &  Lift,women  fit    lift,women  fit    lift; women  fit     lift; women  it    lift; women  fit    lft; wom n  fit    lift
Women  it & Lift,women  it  lift,women  it  lift; women it  lift; women it  lift; women  it    lift; women fit  lift
Women  |  Studio  Sports,women    studio  sports,women    studio  sports; women    studio sports; woen    studio  sports; wmen    studio  sports; women  studio sports
Women  |  Studio Sports,women    studio sports,women    studio sports; women    studio  sports; woen    studio  sports; wmen    studio  sports; women  studio sports
Women -it & Lift,women it  lift,women it  lift; women it  lift; women fit  lift; women fit  lift; women fit  lift
Women C-tton Classics,women ctton classics,women ctton classics; women ctton classics; women ctton classics; women cotton classics; women cotton classics
Women Co-ton Classics,women coton classics,women coton classics; women coton classics; women coton classics; women cotton classics; women cotton classics
Women Cottn Classics,women cottn classics,women cottn classics; women cotton classics; women cotton classics; women cotton classics; women cotton classics
Women Cotton Clas ics,women cotton clas ics,women cotton clas ics; women cotton clasics; women cotton clasics; women cotton classics; women cotton classics
Women Cotton Classics,women cotton classics,women cotton classics; women cotton classics; women cotton classics; women cotton classics; womn cotton classics
Women Cotton Classis,women cotton classis,women cotton classis; women cotton classis; women cotton classis; women cotton classics; women cotton classics
Women Cotton lassics,women cotton lassics,women cotton lassics; women cotton lassics; women cotton classics; women cotton classics; women cotton classics
Women F t & Lift,women f t  lift,women f t  lift; women fit  lift; women fit  lift; women fit  lift; women fit  lift
Women Fi  & Lift,women fi   lift,women fi   lift; women fit  lift; women fit  lift; women fit  lift; women fit  lift
Women Fit  Lift,women fit  lift,women fit  lift; women fit  lift; women fit  lift; women fit  lift; women fit  lift
Women Fit & Lift,women fit  lift,women fit  lift; women fit  lift; women fit  lift; women fit  lift; women fit  lift
Women Fit & ift,women fit  ift,women fit  ift; women fit  ift; women fit  ift; women fit  lift; women fit  lift
Women Fit and Lift,women fit and lift,women fit and lift; woen fit and lift; wome  fit and lift; women fit  lift; women fit  lift
Women Fit& Lift,women fit lift,women fit lift; women fit lift; women fit  lift; women fit  lift; women fit  lift
Women Se mless Everyday,women se mless everyday,women se mless everyday; women semless everyday; women semless everyday; women seamless everyday; women seamless everyday
Women Seamless Eve yday,women seamless eve yday,women seamless eve yday; women seamless eve yday; women  seamless  eve yday; women seamless everyday; women seamless everyday
Women Seamless Everyday,women seamless everyday,women seamless everyday; women seamless everyday; women seamless everyday; women seamless everyday; women  seamless everyday
Women Semless Everyday,women semless everyday,women semless everyday; women semless everyday; women seamless everyday; women seamless everyday; women seamless everyday
Women Sum er Invisible,women sum er invisible,women sum er invisible; women sumer invisible; women summer invisible; women summer invisible; women summer invisible
Women Summ-r Invisible,women summr invisible,women summr invisible; women summr invisible; women summer invisible; women summer invisible; women summer invisible
Women Summer In-isible,women summer inisible,women summer inisible; women summer inisible; women summer invisible; women summer invisible; women summer invisible
Women Summer Invisi-le,women summer invisile,women summer invisile; women summer invisile; women summer invisible; women summer invisible; women summer invisible
Women Summer Invisible,women summer invisible,women summer invisible; women summer invisible; women summer invisible; women summer invisible; women summr invisible
Women it & Lift,women it  lift,women it  lift; women it  lift; women fit  lift; women fit  lift; women fit  lift
Women | Stu io Sports,women  stu io sports,women  stu io sports; women  stuio sports; women  studio sports; women  studio sports; women  studio sports
Women | Stu-io Sports,women  stuio sports,women  stuio sports; women  studio sports; women  studio sports; women  studio sports; women  stu io sports
Women | Studi Sports,women  studi sports,women  studi sports; women  studio sports; women  studio sports; women  studio sports; women studio sports
Women | Studio  ports,women  studio  ports,women  studio  ports; women  studio sports; women  studio sports; women  studio sports; women    studio  sports
Women | Studio Sp rts,women  studio sp rts,women  studio sp rts; women  studio sprts; women  studio sprts; women  studio sports; women  studio sports
Women | Studio Spo-ts,women  studio spots,women  studio spots; women  studio sports; women  studio sports; women  studio sports; women  studio spo ts
Women | Studio Spors,women  studio spors,women  studio spors; women  studio sports; women  studio sports; women  studio sports; women studio sports
Women | Studio Sports,women  studio sports,women  studio sports; women  studio sports; women  studio sports; women studio sports; women  tudio sports
Women | tudio Sports,women  tudio sports,women  tudio sports; women  studio sports; women  studio sports; women  studio sports; women studio sports
Women-Stud o Sports,womenstud o sports,womenstud o sports; womenstudio sports; women studio sports; womenstudiosports; womenstudiosports
Women-Studio -ports,womenstudio ports,womenstudio ports; womenstudio ports; womenstudio sports; women studio sports; womenstudiosports
Women-Studio S orts,womenstudio s orts,womenstudio s orts; womenstudio sports; women studio sports; womenstudiosports; womenstudiosports
Women-Studio Spo-ts,womenstudio spots,womenstudio spots; womenstudio spots; womenstudio sports; women studio sports; women  studio spots
Women-Studio Spors,womenstudio spors,womenstudio spors; womenstudio sports; women studio sports; women  studio spors; womenstudiosports
Women-Studio Sports,womenstudio sports,womenstudio sports; women studio sports; womenstudiosports; womenstudiosports; womenstudiosports
Women-Studio Spots,womenstudio spots,womenstudio spots; womenstudio spots; womenstudio sports; women studio sports; women  studio spots
Women-Studio-Sports,womenstudiosports,womenstudiosports; womenstudiosports; womenstudiosports; womenstudio sports; omenstudiosports
WomenCotton Classics,womencotton classics,womencotton classics; women cotton classics; women cotton classics; women cotton classics; women cotton classics
WomenSeamless Everyday,womenseamless everyday,womenseamless everyday; womenseamless everyday; women seamless everyday; women seamless everyday; women seamless everyday
Women_-it_&_Lift,womenitlift,womenitlift; womenfitlift; wmenfitlift; womenfit  lift; women it  lift
Women_Fit_&_Lift,womenfitlift,womenfitlift; womenitlift; wmenfitlift; womenfit  lift; women fit lift
Women_|-Studio_Sports,womenstudiosports,womenstudiosports; womenstudiosports; womenstudiosports; womenstudio sports; omenstudiosports
Women_|_Studio_ ports,womenstudio ports,womenstudio ports; womenstudio ports; womenstudio sports; women studio sports; womenstudiosports
Women_|_Studio_Spo ts,womenstudiospo ts,womenstudiospo ts; womenstudiosports; womenstudiosports; womenstudiosports; womenstudio spots
Women_|_Studio_Sports,womenstudiosports,womenstudiosports; womenstudiosports; womenstudiosports; womenstudio sports; omenstudiosports
en comfortmax launch,en comfortmax launch,en comfortmax launch; men comfortmax launch; men comfortmax launch; men comfortmax launch; men comfortmax launch
en_ComfortMax_Launch,encomfortmaxlaunch,encomfortmaxlaunch; mencomfortmaxlaunch; mencomfortmax launch; mencomfortmax launch; men comfortmaxlaunch
m n | athleisure cooling,m n  athleisure cooling,m n  athleisure cooling; mn  athleisure cooling; men  athleisure cooling; men  athleisure cooling; men  athleisure cooling
me bold colors drop,me bold colors drop,me bold colors drop; men bold colors drop; men bold colors drop; men bold colors drop; mn bold colors drop
men bld colors drop,men bld colors drop,men bld colors drop; men bld colors drop; men bld colors drop; men bold colors drop; men bold colors drop
men bo-d colors drop,men bod colors drop,men bod colors drop; men bold colors drop; men bold colors drop; men bold colors drop; mn bold colors drop
men bold clors drop,men bold clors drop,men bold clors drop; men bold clors drop; men bold colors drop; men bold colors drop; men bold colors drop
men bold colors drop,men bold colors drop,men bold colors drop; men bold colors drop; men bold colors drop; mn bold colors drop; menbold colors drop
men co fortmax launch,men co fortmax launch,men co fortmax launch; men  co fortmax  launch; men comfortmax launch; men comfortmax launch; men comfortmax launch
men comfor-max launch,men comformax launch,men comformax launch; men comformax launch; men comfortmax launch; men comfortmax launch; men comfortmax launch
men comfortmax launch,men comfortmax launch,men comfortmax launch; men comfortmax launch; men comfortmax launch; men comfortmax launch; mn comfortmax launch
men comfotmax launch,men comfotmax launch,men comfotmax launch; men comfortmax launch; men comfortmax launch; men comfortmax launch; men comfortmax launch
men omfortmax launch,men omfortmax launch,men omfortmax launch; men comfortmax launch; men comfortmax launch; men comfortmax launch; men comfortmax launch
men premium modal,men premium modal,men premium modal; men premium modal; men premium modal; men premium  modal; menpremium modal
men s gnature soft,men s gnature soft,men s gnature soft; men signature soft; men signature soft; men signature soft; men signature soft
men sig ature soft,men sig ature soft,men sig ature soft; men sigature soft; men sigature soft; men sigature soft; men sigature soft
men signa ure soft,men signa ure soft,men signa ure soft; men signaure soft; men signature soft; men signature soft; men signature soft
men signature soft,men signature soft,men signature soft; men signature soft; men signature soft; men signature soft; mensignature soft
men | athleisure cooling,men  athleisure cooling,men  athleisure cooling; men  athleisure cooling; men  athleisure cooling; men   athleisure cooling; mn  athleisure cooling
men | athlisure cooling,men  athlisure cooling,men  athlisure cooling; men  athleisure cooling; men  athleisure cooling; men  athleisure cooling; men   athleisure cooling
mn | athleisure cooling,mn  athleisure cooling,mn  athleisure cooling; men  athleisure cooling; men  athleisure cooling; men  athleisure cooling; m n  athleisure cooling
omen Summer Invisible,omen summer invisible,omen summer invisible; omen summer invisible; omen summer invisible; women summer invisible; women summer invisible
omen | Studio Sports,omen  studio sports,omen  studio sports; women  studio sports; women  studio sports; women  studio sports; women studio sports
w men cotton classics,w men cotton classics,w men cotton classics; w men cotton classics; wmen cotton classics; wmen cotton classics; women cotton classics
w men fit & lift,w men fit  lift,w men fit  lift; w men fit  lift; w men fit  lift; wmen fit  lift; women fit  lift
w-men cotton classics,wmen cotton classics,wmen cotton classics; wmen cotton classics; women cotton classics; women cotton classics; women cotton classics
wo en fit & lift,wo en fit  lift,wo en fit  lift; wo en fit  lift; woen fit  lift; woen fit  lift; women fit  lift
wo-en seamless everyday,woen seamless everyday,woen seamless everyday; women seamless everyday; women seamless everyday; women seamless everyday; women seamless everyday
woen  Summer  Invisible,woen  summer  invisible,woen  summer  invisible; women  summer  invisible; womn  summer  invisible; women  ummer  invisible; women  summer  nvisible
woen Summer Invisible,woen summer invisible,woen summer invisible; women summer invisible; women summer invisible; women summer invisible; women summer invisible
wom-n_Summer_Invisible,womnsummerinvisible,womnsummerinvisible; womensummerinvisible; womensummerinvisile; womensummerinisible; women summer invisible
wome  Summer Invisible,wome  summer invisible,wome  summer invisible; women  summer  invisible; women summer invisible; women summer invisible; women summer invisible
women  -ummer  Invisible,women  ummer  invisible,women  ummer  invisible; women  summer  invisible; womn  summer  invisible; women  summer  nvisible; woen  summer  invisible
women  Summ r  Invisible,women  summ r  invisible,women  summ r  invisible; women  summer  invisible; womn  summer  invisible; women  ummer  invisible; women  summer  nvisible
women  Summer  -nvisible,women  summer  nvisible,women  summer  nvisible; women  summer  invisible; women summer  nvisible; womn  summer  invisible; women  ummer  invisible
women  Summer  Invi ible,women  summer  invi ible,women  summer  invi ible; women  summer  invisible; womn  summer  invisible; women  ummer  invisible; women  summer  nvisible
women  Summer  Invisib e,women  summer  invisib e,women  summer  invisib e; women  summer  invisible; womn  summer  invisible; women  ummer  invisible; women  summer  nvisible
women  Summer  Invisible,women  summer  invisible,women  summer  invisible; womn  summer  invisible; women  ummer  invisible; women  summer  nvisible; woen  summer  invisible
women Su mer Invisible,women su mer invisible,women su mer invisible; women sumer invisible; women summer invisible; women summer invisible; women summer invisible
women Summ-r Invisible,women summr invisible,women summr invisible; women summr invisible; women summer invisible; women summer invisible; women summer invisible
women Summer  nvisible,women summer  nvisible,women summer  nvisible; women  summer  nvisible; women  summer  invisible; women summer invisible; women summer invisible
women Summer In isible,women summer in isible,women summer in isible; women summer in isible; women summer inisible; women summer inisible; women summer invisible
women Summer In-isible,women summer inisible,women summer inisible; women summer inisible; women summer invisible; women summer invisible; women summer invisible
women Summer Inv-sible,women summer invsible,women summer invsible; women summer invsible; women summer invisible; women summer invisible; women summer invisible
women Summer Invi-ible,women summer inviible,women summer inviible; women summer invisible; women summer invisible; women summer invisible; women summer invisible
women Summer Invisble,women summer invisble,women summer invisble; women summer invisible; women summer invisible; women summer invisible; women summer invisible
women Summer Invisi-le,women summer invisile,women summer invisile; women summer invisile; women summer invisible; women summer invisible; women summer invisible
women Summer Invisible,women summer invisible,women summer invisible; women summer invisible; women summer invisible; women summer invisible; women summr invisible
women c-tton classics,women ctton classics,women ctton classics; women ctton classics; women ctton classics; women cotton classics; women cotton classics
women co ton classics,women co ton classics,women co ton classics; women coton classics; women coton classics; women coton classics; women cotton classics
women cott n classics,women cott n classics,women cott n classics; women cottn classics; women cotton classics; women cotton classics; women cotton classics
women cotton clasics,women cotton clasics,women cotton clasics; women cotton clasics; women cotton classics; women cotton classics; women cotton classics
women cotton classics,women cotton classics,women cotton classics; women cotton classics; women cotton classics; women cotton classics; womn cotton classics
women fit & ift,women fit  ift,women fit  ift; women fit  ift; women fit  ift; women fit  lift; women fit  lift
women fit & li t,women fit  li t,women fit  li t; women fit  lift; women fit  lift; women fit  lift; women fit  lift
women fit & lift,women fit  lift,women fit  lift; women fit  lift; women fit  lift; women fit  lift; women fit  lift
women fit-& lift,women fit lift,women fit lift; women fit lift; women fit  lift; women fit  lift; women fit  lift
women s amless everyday,women s amless everyday,women s amless everyday; women seamless everyday; women seamless everyday; women seamless everyday; women seamless everyday
women s-mmer invisible,women smmer invisible,women smmer invisible; women summer invisible; women summer invisible; women summer invisible; women summer invisible
women seam-ess everyday,women seamess everyday,women seamess everyday; women seamess everyday; women seamless everyday; women seamless everyday; women seamless everyday
women seamess everyday,women seamess everyday,women seamess everyday; women seamess everyday; women seamless everyday; women seamless everyday; women seamless everyday
women seaml-ss everyday,women seamlss everyday,women seamlss everyday; women seamless everyday; women seamless everyday; women seamless everyday; women seamless everyday
women seamless everday,women seamless everday,women seamless everday; women seamless everyday; women seamless everyday; women seamless everyday; women seamless everyday
women seamless everyday,women seamless everyday,women seamless everyday; women seamless everyday; women seamless everyday; women seamless everyday; women  seamless everyday
women seamless-everyday,women seamlesseveryday,women seamlesseveryday; women seamless everyday; women seamless everyday; women seamless everyday; women seamless everyday
women su-mer invisible,women sumer invisible,women sumer invisible; women summer invisible; women summer invisible; women summer invisible; women summer invisible
women summe- invisible,women summe invisible,women summe invisible; women summer invisible; women summer invisible; women summer invisible; women summer invisible
women summer in isible,women summer in isible,women summer in isible; women summer in isible; women summer inisible; women summer inisible; women summer invisible
women summer invisible,women summer invisible,women summer invisible; women summer invisible; women summer invisible; women summer invisible; women summr invisible
women | studio sp-rts,women  studio sprts,women  studio sprts; women  studio sprts; women  studio sports; women  studio sports; women  studio sports
women | studio spo ts,women  studio spo ts,women  studio spo ts; women  studio spots; women  studio sports; women  studio sports; women  studio sports
women | studio sports,women  studio sports,women  studio sports; women  studio sports; women  studio sports; women studio sports; women  tudio sports
women | studio sprts,women  studio sprts,women  studio sprts; women  studio sprts; women  studio sports; women  studio sports; women  studio sports
women-| studio sports,women studio sports,women studio sports; women  studio sports; women  studio sports; women  studio sports; womenstudio sports
women_Summe _Invisible,womensumme invisible,womensumme invisible; women summe invisible; women summer invisible; women summer invisible; women summer invisible
women_Summer_Inisible,womensummerinisible,womensummerinisible; womensummerinvisible; women summer inisible; women summer inisible; womnsummerinvisible
women_Summer_Invisi-le,womensummerinvisile,womensummerinvisile; womensummerinvisible; women summer invisile; women summer invisile; womnsummerinvisible
women_Summer_Invisible,womensummerinvisible,womensummerinvisible; womnsummerinvisible; womensummerinvisile; womensummerinisible; women summer invisible
womn  Summer  Invisible,womn  summer  invisible,womn  summer  invisible; women  summer  invisible; women  ummer  invisible; women  summer  nvisible; woen  summer  invisible
womn cotton classics,womn cotton classics,womn cotton classics; womn cotton classics; womn cotton classics; women cotton classics; women cotton classics
